response_id,course,class_number,student_id,question_number,question_response
1,COM212,5,6537,1,3
2,COM212,5,6438,1,3
3,COM212,5,6575,1,4
4,COM212,5,6594,1,2
5,COM212,5,6598,1,5
6,COM212,5,6405,1,3
7,COM212,5,6596,1,0
8,COM212,5,6286,1,3
9,COM212,5,6285,1,3
10,COM212,5,6406,1,4.5
11,COM212,5,6577,1,4
12,COM212,5,6595,1,5
13,COM212,5,6570,1,4
14,COM212,5,6588,1,5
15,COM212,5,6194,1,2
16,COM212,5,6571,1,2
17,COM212,5,6702,1,5
18,COM212,5,6537,2,4
19,COM212,5,6438,2,3
20,COM212,5,6594,2,3
21,COM212,5,6575,2,0
22,COM212,5,6598,2,5
23,COM212,5,6596,2,5
24,COM212,5,6588,2,5
25,COM212,5,6405,2,4
26,COM212,5,6285,2,1
27,COM212,5,6406,2,3
28,COM212,5,6595,2,4
29,COM212,5,6577,2,5
30,COM212,5,6570,2,5
31,COM212,5,6194,2,4
32,COM212,5,6571,2,3
33,COM212,5,6702,2,3
34,COM212,5,6286,2,4
35,COM212,5,6537,3,3
36,COM212,5,6438,3,3.5
37,COM212,5,6594,3,3
38,COM212,5,6575,3,3
39,COM212,5,6405,3,3
40,COM212,5,6406,3,4
41,COM212,5,6598,3,4
42,COM212,5,6285,3,3
43,COM212,5,6596,3,3
44,COM212,5,6595,3,5
45,COM212,5,6577,3,3.5
46,COM212,5,6588,3,5
47,COM212,5,6570,3,4
48,COM212,5,6194,3,1
49,COM212,5,6571,3,3
50,COM212,5,6286,3,5
51,COM212,5,6702,3,5
52,COM212,5,6438,4,not as of yet
53,COM212,5,6594,4,allow for more time to ask questions
54,COM212,5,6575,4,I would like to go over more Java in class.
55,COM212,5,6285,4,N/A
56,COM212,5,6702,4,None.
57,COM212,5,6598,4,I'm hungry
58,COM212,5,6596,4,we need to go over the basics more
59,COM212,5,6406,4,I would like it if all the content in the textbooks be covered in class as the text itself can be rather verbose. I understand that time constraints might prevent this
60,COM212,5,6588,4,No
61,COM212,5,6577,4,More coding in class. Looking at and reading slides is difficult to focus on sometimes.
62,COM212,5,6405,4,nope
63,COM212,5,6286,4,"I am still quite behind in most of my classes because of the flu and just arriving on campus later than everyone else, I'm hoping that i can have a bit of grace with assignment flexibility in due dates so that i can catch up and be at the same pace as the rest of the class."
64,COM212,5,6194,4,"I feel like the homework assignments do not reflect the work we do in class, so sitting down to do it and it is unfamiliar is discouraging. The TA sessions are helpful, but it would be nice to have something that I feel prepared to figure out on my own."
65,COM212,7,6406,1,3
66,COM212,7,6537,1,4
67,COM212,7,6438,1,0
68,COM212,7,6702,1,5
69,COM212,7,6374,1,3
70,COM212,7,6570,1,3
71,COM212,7,6286,1,2.5
72,COM212,7,6595,1,5
73,COM212,7,6577,1,4
74,COM212,7,6573,1,2.5
75,COM212,7,6594,1,2
76,COM212,7,6575,1,4
77,COM212,7,6588,1,5
78,COM212,7,6405,1,4
79,COM212,7,6194,1,4
80,COM212,7,6570,2,4
81,COM212,7,6702,2,5
82,COM212,7,6406,2,3
83,COM212,7,6537,2,3
84,COM212,7,6438,2,1
85,COM212,7,6286,2,0.25
86,COM212,7,6374,2,3
87,COM212,7,6595,2,4
88,COM212,7,6577,2,5
89,COM212,7,6573,2,4.2
90,COM212,7,6594,2,5
91,COM212,7,6575,2,1
92,COM212,7,6588,2,5
93,COM212,7,6405,2,5
94,COM212,7,6194,2,5
95,COM212,7,6406,3,4
96,COM212,7,6537,3,4
97,COM212,7,6438,3,2
98,COM212,7,6570,3,3
99,COM212,7,6702,3,5
100,COM212,7,6286,3,3.75
101,COM212,7,6374,3,3
102,COM212,7,6595,3,5
103,COM212,7,6577,3,5
104,COM212,7,6573,3,3
105,COM212,7,6594,3,3
106,COM212,7,6575,3,4
107,COM212,7,6588,3,5
108,COM212,7,6405,3,4
109,COM212,7,6194,3,4
110,COM212,7,6406,4,nothing right now
111,COM212,7,6702,4,5
112,COM212,7,6598,4,NA
113,COM212,7,6438,4,the ta is kind of harsh
114,COM212,7,6374,4,n/a
115,COM212,7,6286,4,I am still grieving so I might not be operating at 100% these days...
116,COM212,7,6573,4,I feel kind of left behind being sick for so long and stressed out catching up on all of my work
117,COM212,7,6594,4,hope you had a great snowday
118,COM212,7,6575,4,hard day but im glad to be here in class
119,COM212,7,6588,4,no
120,COM212,7,6405,4,nope
121,COM212,8,6594,1,1
122,COM212,8,6537,1,4
123,COM212,8,6406,1,4
124,COM212,8,6570,1,4
125,COM212,8,6374,1,3
126,COM212,8,6588,1,5
127,COM212,8,6596,1,4
128,COM212,8,6702,1,5
129,COM212,8,6194,1,4
130,COM212,8,6438,1,3
131,COM212,8,6598,1,5
132,COM212,8,6286,1,0
133,COM212,8,6575,1,4
134,COM212,8,6595,1,4.5
135,COM212,8,6405,1,4
136,COM212,8,6596,2,5
137,COM212,8,6570,2,3
138,COM212,8,6594,2,1
139,COM212,8,6537,2,3
140,COM212,8,6406,2,3
141,COM212,8,6374,2,4
142,COM212,8,6588,2,5
143,COM212,8,6702,2,5
144,COM212,8,6194,2,3
145,COM212,8,6438,2,4
146,COM212,8,6598,2,5
147,COM212,8,6286,2,0.2
148,COM212,8,6575,2,0
149,COM212,8,6595,2,2.5
150,COM212,8,6405,2,4
151,COM212,8,6596,3,2
152,COM212,8,6537,3,4
153,COM212,8,6594,3,2
154,COM212,8,6570,3,3
155,COM212,8,6406,3,4
156,COM212,8,6588,3,5
157,COM212,8,6702,3,5
158,COM212,8,6438,3,4
159,COM212,8,6374,3,3
160,COM212,8,6194,3,4
161,COM212,8,6598,3,5
162,COM212,8,6286,3,3
163,COM212,8,6575,3,4
164,COM212,8,6595,3,5
165,COM212,8,6405,3,3
166,COM212,8,6596,4,nope
167,COM212,8,6594,4,im super tired from all the work this week and being slightly sick please take it easy on me today
168,COM212,8,6406,4,nothing today
169,COM212,8,6702,4,No.
170,COM212,8,6374,4,n/a
171,COM212,8,6194,4,no
172,COM212,8,6573,4,Its a gloomy day & I'm trying very hard to grasp the material in this class but I'm having a hard time.
173,COM212,8,6438,4,All good right now
174,COM212,8,6575,4,happy to be here it's hard but im happy to work
175,COM212,8,6598,4,no
176,COM212,8,6286,4,"I'm struggling alot, but im still trying to show up and put in the most effort i can."
177,COM212,8,6405,4,nope
178,COM212,9,6596,1,3
179,COM212,9,6598,1,5
180,COM212,9,6588,1,5
181,COM212,9,6537,1,2
182,COM212,9,6702,1,5
183,COM212,9,6406,1,3
184,COM212,9,6571,1,0
185,COM212,9,6285,1,0
186,COM212,9,6575,1,5
187,COM212,9,6594,1,3
188,COM212,9,6573,1,3
189,COM212,9,6405,1,3
190,COM212,9,6438,1,2
191,COM212,9,6570,1,3
192,COM212,9,6374,1,3
193,COM212,9,6286,1,3
194,COM212,9,6574,1,3
195,COM212,9,6194,1,3
196,COM212,9,6577,1,4.5
197,COM212,9,6438,2,0
198,COM212,9,6570,2,4
199,COM212,9,6598,2,5
200,COM212,9,6588,2,5
201,COM212,9,6537,2,3
202,COM212,9,6406,2,4
203,COM212,9,6571,2,0
204,COM212,9,6285,2,0
205,COM212,9,6575,2,3
206,COM212,9,6405,2,2
207,COM212,9,6596,2,2
208,COM212,9,6702,2,5
209,COM212,9,6573,2,4
210,COM212,9,6594,2,3
211,COM212,9,6374,2,5
212,COM212,9,6286,2,2
213,COM212,9,6574,2,3
214,COM212,9,6194,2,3
215,COM212,9,6577,2,5
216,COM212,9,6588,3,5
217,COM212,9,6570,3,3
218,COM212,9,6598,3,5
219,COM212,9,6406,3,3
220,COM212,9,6571,3,2
221,COM212,9,6285,3,2
222,COM212,9,6575,3,5
223,COM212,9,6405,3,3
224,COM212,9,6702,3,5
225,COM212,9,6438,3,2
226,COM212,9,6596,3,2
227,COM212,9,6537,3,3
228,COM212,9,6573,3,2.5
229,COM212,9,6594,3,3
230,COM212,9,6374,3,3.5
231,COM212,9,6194,3,3
232,COM212,9,6574,3,2
233,COM212,9,6286,3,3.78
234,COM212,9,6577,3,3.5
235,COM212,9,6438,4,im scared for the midterm sir
236,COM212,9,6596,4,please slow down
237,COM212,9,6575,4,very glad to be in this class today
238,COM212,9,6573,4,I'm very stressed out with the season starting back up
239,COM212,9,6285,4,NA
240,COM212,9,6286,4,"Feeling like I'm coming much much closer to catching up, not there yet but I'm feeling more accustomed to everything as time goes on. I need help fixing errors in my PA then I'm going to finish catching up on the HW"
241,COM212,9,6405,4,nope
242,COM212,9,6577,4,"Nervous for the midterm, do not think i will be prepared. think writing it out on paper is whole different ball game."
243,COM212,9,6598,4,My laptop got a virus I'm stressed
244,COM212,9,6702,4,None.
245,COM212,9,6406,4,doing more coding homework to build competency with java
246,COM212,9,6374,4,n/a
247,COM212,9,6594,4,thanks for being such a nice and forgiving processor
248,COM212,9,6571,4,I don't feel like I am really learning or fully understanding java but I will try harder
249,COM212,9,6194,4,it would help to see code alongside the explanation of different strings and lists- like the looped array
250,COM212,10,6406,1,4
251,COM212,10,6405,1,2
252,COM212,10,6570,1,3
253,COM212,10,6286,1,1.5
254,COM212,10,6588,1,5
255,COM212,10,6571,1,3
256,COM212,10,6596,1,4
257,COM212,10,6598,1,5
258,COM212,10,6575,1,4
259,COM212,10,6194,1,4
260,COM212,10,6374,1,3
261,COM212,10,6594,1,4
262,COM212,10,6702,1,5
263,COM212,10,6573,1,3.5
264,COM212,10,6595,1,4
265,COM212,10,6406,2,3
266,COM212,10,6405,2,3
267,COM212,10,6570,2,3
268,COM212,10,6286,2,3.1
269,COM212,10,6588,2,5
270,COM212,10,6571,2,5
271,COM212,10,6596,2,5
272,COM212,10,6575,2,2
273,COM212,10,6194,2,4
274,COM212,10,6598,2,4
275,COM212,10,6374,2,4
276,COM212,10,6594,2,4
277,COM212,10,6702,2,5
278,COM212,10,6438,2,4
279,COM212,10,6573,2,4.9
280,COM212,10,6595,2,4
281,COM212,10,6406,3,3
282,COM212,10,6405,3,3
283,COM212,10,6570,3,4
284,COM212,10,6588,3,5
285,COM212,10,6286,3,3.75
286,COM212,10,6571,3,3
287,COM212,10,6596,3,2
288,COM212,10,6575,3,4
289,COM212,10,6194,3,3
290,COM212,10,6598,3,5
291,COM212,10,6374,3,3
292,COM212,10,6594,3,3
293,COM212,10,6702,3,5
294,COM212,10,6438,3,3
295,COM212,10,6573,3,2.9
296,COM212,10,6595,3,4
297,COM212,10,6405,4,tired
298,COM212,10,6406,4,nothing today
299,COM212,10,6596,4,slow down
300,COM212,10,6194,4,no
301,COM212,10,6598,4,My friend left college. I'm sad
302,COM212,10,6575,4,i am grateful to be in class today
303,COM212,10,6594,4,can you talk about some of the parts in pa2
304,COM212,10,6702,4,No.
305,COM212,10,6286,4,I like to rewatch the class recordings so making sure that the content that is visible in the class room is visible on the recording is really important to me.
306,COM212,10,6573,4,"I'm very nervous that I'm not up to speed with the class material. Even though I know I am, I don't feel very confident"
307,COM212,10,6438,4,Good so far
308,COM212,10,6595,4,I was sick last class but I'm good now
309,COM212,11,6406,1,4
310,COM212,11,6405,1,3
311,COM212,11,6577,1,5
312,COM212,11,6594,1,5
313,COM212,11,6702,1,5
314,COM212,11,6374,1,2
315,COM212,11,6573,1,3.2
316,COM212,11,6194,1,4
317,COM212,11,6438,1,3
318,COM212,11,6571,1,3
319,COM212,11,6570,1,3
320,COM212,11,6575,1,5
321,COM212,11,6598,1,5
322,COM212,11,6588,1,4.9
323,COM212,11,6596,1,2
324,COM212,11,6537,1,4
325,COM212,11,6286,1,2.5
326,COM212,11,6406,2,3
327,COM212,11,6405,2,3
328,COM212,11,6577,2,4
329,COM212,11,6594,2,5
330,COM212,11,6702,2,5
331,COM212,11,6374,2,3
332,COM212,11,6573,2,3
333,COM212,11,6194,2,3
334,COM212,11,6438,2,4
335,COM212,11,6570,2,2
336,COM212,11,6571,2,4
337,COM212,11,6575,2,3
338,COM212,11,6598,2,5
339,COM212,11,6588,2,5
340,COM212,11,6596,2,5
341,COM212,11,6537,2,4
342,COM212,11,6286,2,3
343,COM212,11,6406,3,3
344,COM212,11,6405,3,3
345,COM212,11,6577,3,4
346,COM212,11,6702,3,5
347,COM212,11,6594,3,3
348,COM212,11,6374,3,3.5
349,COM212,11,6573,3,3.3
350,COM212,11,6194,3,3
351,COM212,11,6438,3,3
352,COM212,11,6571,3,3
353,COM212,11,6570,3,4
354,COM212,11,6575,3,5
355,COM212,11,6588,3,4.7
356,COM212,11,6598,3,5
357,COM212,11,6596,3,1
358,COM212,11,6537,3,4
359,COM212,11,6286,3,3
360,COM212,11,6406,4,I would like if we lab-like activities like we did in COM 110
361,COM212,11,6405,4,nope
362,COM212,11,6702,4,N/A
363,COM212,11,6594,4,when are we getting the rings that track out activity
364,COM212,11,6577,4,I still feel as though applying the concepts we are learning may be difficult on the exam
365,COM212,11,6573,4,nope
366,COM212,11,6374,4,n/a
367,COM212,11,6194,4,no
368,COM212,11,6438,4,All good
369,COM212,11,6575,4,super glad to be in class today
370,COM212,11,6598,4,no
371,COM212,11,6286,4,"Still playing catch up, your patience is very much appreciated"
372,COM212,12,6594,1,2
373,COM212,12,6405,1,3
374,COM212,12,6577,1,3
375,COM212,12,6573,1,3
376,COM212,12,6194,1,4
377,COM212,12,6575,1,4
378,COM212,12,6570,1,4
379,COM212,12,6406,1,4
380,COM212,12,6598,1,5
381,COM212,12,6374,1,3
382,COM212,12,6702,1,5
383,COM212,12,6537,1,4
384,COM212,12,6596,1,4
385,COM212,12,6571,1,4
386,COM212,12,6286,1,3.7
387,COM212,12,6438,1,3
388,COM212,12,6594,2,1
389,COM212,12,6405,2,3
390,COM212,12,6573,2,3
391,COM212,12,6577,2,3
392,COM212,12,6575,2,4
393,COM212,12,6194,2,4
394,COM212,12,6570,2,3
395,COM212,12,6406,2,4
396,COM212,12,6598,2,5
397,COM212,12,6374,2,4
398,COM212,12,6702,2,5
399,COM212,12,6537,2,4
400,COM212,12,6596,2,5
401,COM212,12,6571,2,4
402,COM212,12,6286,2,2.8
403,COM212,12,6438,2,0
404,COM212,12,6594,3,3
405,COM212,12,6405,3,3
406,COM212,12,6573,3,3
407,COM212,12,6575,3,4
408,COM212,12,6570,3,3
409,COM212,12,6194,3,3
410,COM212,12,6577,3,2
411,COM212,12,6406,3,4
412,COM212,12,6598,3,5
413,COM212,12,6374,3,3
414,COM212,12,6702,3,5
415,COM212,12,6537,3,4
416,COM212,12,6596,3,0
417,COM212,12,6571,3,3
418,COM212,12,6286,3,2.5
419,COM212,12,6438,3,2
420,COM212,12,6594,4,i am having an output error with my HW4
421,COM212,12,6405,4,nope
422,COM212,12,6575,4,i am excited to be here today
423,COM212,12,6194,4,no
424,COM212,12,6406,4,nothing today
425,COM212,12,6598,4,ALL SET
426,COM212,12,6577,4,Yes I would like to get in contact with a student tutor for tutoring sessions. How do I do this?
427,COM212,12,6702,4,N/A
428,COM212,12,6286,4,"If I we can procure a tutor for me, I think I would feel more supported."
429,COM212,12,6438,4,no
430,COM212,13,6598,1,5
431,COM212,13,6405,1,3
432,COM212,13,6374,1,3
433,COM212,13,6286,1,1
434,COM212,13,6194,1,2
435,COM212,13,6702,1,5
436,COM212,13,6406,1,5
437,COM212,13,6537,1,5
438,COM212,13,6594,1,3
439,COM212,13,6438,1,3
440,COM212,13,6570,1,4
441,COM212,13,6575,1,4
442,COM212,13,6595,1,2.5
443,COM212,13,6598,2,5
444,COM212,13,6405,2,2
445,COM212,13,6374,2,4
446,COM212,13,6194,2,3
447,COM212,13,6286,2,1
448,COM212,13,6702,2,5
449,COM212,13,6406,2,4
450,COM212,13,6537,2,4
451,COM212,13,6594,2,2
452,COM212,13,6438,2,3
453,COM212,13,6570,2,4
454,COM212,13,6575,2,4
455,COM212,13,6595,2,2.7
456,COM212,13,6598,3,5
457,COM212,13,6405,3,3
458,COM212,13,6374,3,3
459,COM212,13,6194,3,2
460,COM212,13,6286,3,1.5
461,COM212,13,6702,3,5
462,COM212,13,6406,3,4
463,COM212,13,6537,3,4
464,COM212,13,6594,3,3
465,COM212,13,6438,3,3
466,COM212,13,6570,3,4
467,COM212,13,6575,3,4
468,COM212,13,6595,3,4
469,COM212,13,6598,4,ALL SET
470,COM212,13,6405,4,nope
471,COM212,13,6194,4,no
472,COM212,13,6702,4,N/A
473,COM212,13,6286,4,Maybe a one on one during office hours
474,COM212,13,6594,4,very tired
475,COM212,13,6438,4,no
476,COM212,13,6575,4,i am excited to be here but i do feel a little sick today
477,COM212,13,6595,4,I will catch up on work over spring break
478,COM212,14,6406,1,4
479,COM212,14,6405,1,3
480,COM212,14,6285,1,3
481,COM212,14,6286,1,3.5
482,COM212,14,6575,1,4
483,COM212,14,6571,1,4
484,COM212,14,6702,1,5
485,COM212,14,6406,2,4
486,COM212,14,6405,2,3
487,COM212,14,6285,2,3
488,COM212,14,6286,2,3
489,COM212,14,6575,2,4
490,COM212,14,6571,2,4
491,COM212,14,6702,2,5
492,COM212,14,6406,3,4
493,COM212,14,6405,3,3
494,COM212,14,6285,3,3
495,COM212,14,6286,3,4
496,COM212,14,6575,3,5
497,COM212,14,6571,3,4
498,COM212,14,6702,3,5
499,COM212,14,6405,4,nope
500,COM212,14,6285,4,n/a
501,COM212,14,6575,4,let's do some more hands on stuff in class!
502,COM212,14,6571,4,n/a
503,COM212,14,6702,4,N/A
504,COM212,17,6405,1,2
505,COM212,17,6594,1,3
506,COM212,17,6194,1,4
507,COM212,17,6598,1,5
508,COM212,17,6438,1,3
509,COM212,17,6570,1,4
510,COM212,17,6537,1,4
511,COM212,17,6571,1,1
512,COM212,17,6588,1,55
513,COM212,17,6595,1,3
514,COM212,17,6702,1,5
515,COM212,17,6406,1,4
516,COM212,17,6286,1,3
517,COM212,17,6285,1,2
518,COM212,17,6374,1,2
519,COM212,17,6573,1,2.3
520,COM212,17,6575,1,5
521,COM212,17,6405,2,3
522,COM212,17,6594,2,2
523,COM212,17,6194,2,1
524,COM212,17,6598,2,5
525,COM212,17,6570,2,4
526,COM212,17,6537,2,3
527,COM212,17,6438,2,3
528,COM212,17,6571,2,0
529,COM212,17,6588,2,5
530,COM212,17,6702,2,5
531,COM212,17,6595,2,2
532,COM212,17,6406,2,5
533,COM212,17,6286,2,3.7
534,COM212,17,6573,2,3
535,COM212,17,6285,2,4
536,COM212,17,6374,2,3
537,COM212,17,6575,2,5
538,COM212,17,6405,3,3
539,COM212,17,6594,3,2
540,COM212,17,6194,3,4
541,COM212,17,6598,3,5
542,COM212,17,6570,3,4
543,COM212,17,6537,3,3
544,COM212,17,6438,3,3
545,COM212,17,6571,3,1
546,COM212,17,6588,3,5
547,COM212,17,6702,3,5
548,COM212,17,6406,3,5
549,COM212,17,6595,3,4
550,COM212,17,6286,3,3.4
551,COM212,17,6573,3,2.1
552,COM212,17,6285,3,3
553,COM212,17,6374,3,3
554,COM212,17,6575,3,5
555,COM212,17,6405,4,nope
556,COM212,17,6594,4,super tired :(
557,COM212,17,6194,4,no
558,COM212,17,6598,4,no
559,COM212,17,6438,4,no
560,COM212,17,6702,4,N/A
561,COM212,17,6588,4,Nope
562,COM212,17,6573,4,im nervous for the midterm
563,COM212,17,6285,4,na
564,COM212,17,6575,4,i am doing so well
565,COM212,17,6570,4,I think we should implement more in class coding practices and homework. It's been difficult to remember the Java syntax.
566,COM212,19,6406,1,4
567,COM212,19,6286,1,3
568,COM212,19,6588,1,5
569,COM212,19,6405,1,2
570,COM212,19,6598,1,1
571,COM212,19,6575,1,4
572,COM212,19,6702,1,5
573,COM212,19,6570,1,4
574,COM212,19,6285,1,3
575,COM212,19,6406,2,4
576,COM212,19,6588,2,5
577,COM212,19,6286,2,3.9
578,COM212,19,6405,2,1
579,COM212,19,6598,2,1
580,COM212,19,6575,2,5
581,COM212,19,6702,2,5
582,COM212,19,6570,2,4
583,COM212,19,6285,2,2
584,COM212,19,6406,3,4
585,COM212,19,6588,3,5
586,COM212,19,6405,3,3
587,COM212,19,6286,3,4
588,COM212,19,6598,3,1
589,COM212,19,6575,3,4
590,COM212,19,6702,3,5
591,COM212,19,6570,3,4
592,COM212,19,6285,3,3
593,COM212,19,6405,4,nope
594,COM212,19,6598,4,NA
595,COM212,19,6702,4,N/A
596,COM212,19,6570,4,N/A
597,COM212,20,6594,1,3
598,COM212,20,6194,1,4
599,COM212,20,6598,1,5
600,COM212,20,6405,1,3
601,COM212,20,6570,1,3
602,COM212,20,6286,1,3
603,COM212,20,6702,1,5
604,COM212,20,6588,1,0
605,COM212,20,6406,1,3
606,COM212,20,6285,1,3
607,COM212,20,6594,2,2
608,COM212,20,6194,2,3
609,COM212,20,6598,2,5
610,COM212,20,6405,2,3
611,COM212,20,6570,2,4
612,COM212,20,6702,2,5
613,COM212,20,6286,2,2
614,COM212,20,6588,2,0
615,COM212,20,6406,2,3
616,COM212,20,6285,2,3
617,COM212,20,6594,3,2
618,COM212,20,6194,3,2
619,COM212,20,6598,3,5
620,COM212,20,6405,3,3
621,COM212,20,6570,3,4
622,COM212,20,6702,3,5
623,COM212,20,6588,3,0
624,COM212,20,6286,3,4
625,COM212,20,6406,3,3
626,COM212,20,6285,3,3
627,COM212,20,6194,4,n/a
628,COM212,20,6594,4,hope you have a wonderful day
629,COM212,20,6598,4,5
630,COM212,20,6405,4,nope
631,COM212,20,6570,4,N/A
632,COM212,20,6702,4,N/A
633,COM212,11,6406,1,4
634,COM212,11,6286,1,3
635,COM212,11,6405,1,3
636,COM212,11,6594,1,3
637,COM212,11,6596,1,2
638,COM212,11,6577,1,3
639,COM212,11,6194,1,3
640,COM212,11,6588,1,5
641,COM212,11,6575,1,4
642,COM212,11,6571,1,10
643,COM212,11,6598,1,5
644,COM212,11,6438,1,5
645,COM212,11,6702,1,5
646,COM212,11,6570,1,4
647,COM212,11,6285,1,3
648,COM212,11,6595,1,2
649,COM212,11,6406,2,4
650,COM212,11,6405,2,3
651,COM212,11,6594,2,3
652,COM212,11,6596,2,5
653,COM212,11,6286,2,2.3
654,COM212,11,6438,2,1
655,COM212,11,6194,2,4
656,COM212,11,6588,2,5
657,COM212,11,6577,2,9
658,COM212,11,6575,2,4
659,COM212,11,6598,2,5
660,COM212,11,6571,2,7
661,COM212,11,6702,2,5
662,COM212,11,6570,2,4
663,COM212,11,6285,2,3
664,COM212,11,6595,2,2
665,COM212,11,6406,3,4
666,COM212,11,6594,3,3
667,COM212,11,6405,3,3
668,COM212,11,6596,3,2
669,COM212,11,6438,3,3
670,COM212,11,6588,3,5
671,COM212,11,6286,3,2
672,COM212,11,6575,3,4
673,COM212,11,6598,3,5
674,COM212,11,6194,3,4
675,COM212,11,6577,3,3
676,COM212,11,6571,3,4
677,COM212,11,6702,3,5
678,COM212,11,6570,3,4
679,COM212,11,6285,3,2
680,COM212,11,6595,3,4
681,COM212,11,6406,4,nothing today
682,COM212,11,6405,4,nope
683,COM212,11,6594,4,hope your day is going well
684,COM212,11,6438,4,All good right now
685,COM212,11,6575,4,thank you for moving the midterm
686,COM212,11,6598,4,na
687,COM212,11,6194,4,no
688,COM212,11,6702,4,N/A
689,COM212,11,6577,4,i have heard concerning things about this midterm from former DS students
690,COM212,11,6285,4,complaints about midterm from past years are scaring me
691,COM212,11,6286,4,"I'm trying not to be overwhelmed with extracurriculars and taking care of myself. I am working as diligently as I can but my pace is not very fast, again I'm just still hoping for your continued patience."
692,COM212,11,6595,4,Not getting much sleep lately which is impacting my ability to get homework done
693,COM212,18,6405,1,2
694,COM212,18,6570,1,3
695,COM212,18,6598,1,5
696,COM212,18,6406,1,4
697,COM212,18,6286,1,2
698,COM212,18,6573,1,3
699,COM212,18,6374,1,2
700,COM212,18,6588,1,5
701,COM212,18,6571,1,3
702,COM212,18,6438,1,3
703,COM212,18,6285,1,3
704,COM212,18,6405,2,3
705,COM212,18,6570,2,3
706,COM212,18,6598,2,5
707,COM212,18,6286,2,3.4
708,COM212,18,6406,2,3
709,COM212,18,6573,2,2
710,COM212,18,6374,2,2
711,COM212,18,6588,2,5
712,COM212,18,6571,2,4
713,COM212,18,6438,2,0
714,COM212,18,6285,2,2
715,COM212,18,6405,3,3
716,COM212,18,6286,3,4.5
717,COM212,18,6570,3,3
718,COM212,18,6598,3,5
719,COM212,18,6406,3,5
720,COM212,18,6573,3,2.2
721,COM212,18,6374,3,3
722,COM212,18,6588,3,5
723,COM212,18,6571,3,3
724,COM212,18,6438,3,2
725,COM212,18,6285,3,3
726,COM212,18,6405,4,nope
727,COM212,18,6570,4,N/A
728,COM212,18,6598,4,no
729,COM212,18,6573,4,i have mono
730,COM212,21,6405,1,3
731,COM212,21,6286,1,3.4
732,COM212,21,6575,1,5
733,COM212,21,6570,1,3
734,COM212,21,6374,1,4
735,COM212,21,6406,1,4
736,COM212,21,6594,1,3
737,COM212,21,6702,1,5
738,COM212,21,6588,1,4
739,COM212,21,6194,1,3
740,COM212,21,6285,1,2
741,COM212,21,6405,2,0
742,COM212,21,6575,2,3
743,COM212,21,6286,2,3.9
744,COM212,21,6570,2,4
745,COM212,21,6374,2,4
746,COM212,21,6406,2,4
747,COM212,21,6594,2,3
748,COM212,21,6588,2,2
749,COM212,21,6702,2,5
750,COM212,21,6194,2,4
751,COM212,21,6285,2,2
752,COM212,21,6702,3,5
753,COM212,21,6405,3,3
754,COM212,21,6575,3,5
755,COM212,21,6570,3,4
756,COM212,21,6286,3,4
757,COM212,21,6374,3,3
758,COM212,21,6406,3,4
759,COM212,21,6594,3,3
760,COM212,21,6588,3,4
761,COM212,21,6194,3,3
762,COM212,21,6285,3,3
763,COM212,21,6702,4,N/A
764,COM212,21,6405,4,nope
765,COM212,21,6570,4,N/A
766,COM212,21,6594,4,Hi :)
767,COM212,21,6194,4,no
768,COM212,22,6405,1,3
769,COM212,22,6588,1,5
770,COM212,22,6598,1,5
771,COM212,22,6571,1,4
772,COM212,22,6570,1,4
773,COM212,22,6594,1,4
774,COM212,22,6573,1,3
775,COM212,22,6406,1,4
776,COM212,22,6702,1,5
777,COM212,22,6575,1,5
778,COM212,22,6194,1,4
779,COM212,22,6438,1,2
780,COM212,22,6286,1,3
781,COM212,22,6285,1,2
782,COM212,22,6405,2,2
783,COM212,22,6588,2,5
784,COM212,22,6598,2,5
785,COM212,22,6571,2,4
786,COM212,22,6570,2,5
787,COM212,22,6594,2,5
788,COM212,22,6573,2,2.3
789,COM212,22,6406,2,4
790,COM212,22,6702,2,5
791,COM212,22,6575,2,4
792,COM212,22,6194,2,4
793,COM212,22,6438,2,4
794,COM212,22,6286,2,2
795,COM212,22,6285,2,2
796,COM212,22,6405,3,3
797,COM212,22,6588,3,5
798,COM212,22,6571,3,4
799,COM212,22,6598,3,5
800,COM212,22,6570,3,4
801,COM212,22,6594,3,2
802,COM212,22,6573,3,3
803,COM212,22,6406,3,4
804,COM212,22,6702,3,5
805,COM212,22,6575,3,5
806,COM212,22,6194,3,3
807,COM212,22,6438,3,4
808,COM212,22,6286,3,3
809,COM212,22,6285,3,2
810,COM212,22,6405,4,nope
811,COM212,22,6598,4,NA
812,COM212,22,6570,4,N/A
813,COM212,22,6594,4,we need to go outside it is so nice outsid
814,COM212,22,6702,4,N/A
815,COM212,22,6573,4,I'm still not feeling great- but I had to come back from my medical leave or the school would have unenrolled me :/
816,COM212,22,6194,4,no
817,COM212,22,6438,4,no
818,COM212,23,6588,1,5
819,COM212,23,6406,1,3
820,COM212,23,6570,1,4
821,COM212,23,6374,1,3
822,COM212,23,6405,1,3
823,COM212,23,6596,1,5
824,COM212,23,6702,1,5
825,COM212,23,6438,1,4
826,COM212,23,6575,1,5
827,COM212,23,6598,1,5
828,COM212,23,6285,1,2
829,COM212,23,6588,2,5
830,COM212,23,6406,2,3
831,COM212,23,6570,2,4
832,COM212,23,6374,2,4
833,COM212,23,6596,2,5
834,COM212,23,6702,2,5
835,COM212,23,6405,2,4
836,COM212,23,6438,2,4
837,COM212,23,6575,2,5
838,COM212,23,6598,2,5
839,COM212,23,6285,2,2
840,COM212,23,6588,3,5
841,COM212,23,6406,3,4
842,COM212,23,6570,3,4
843,COM212,23,6596,3,5
844,COM212,23,6702,3,5
845,COM212,23,6405,3,3
846,COM212,23,6438,3,5
847,COM212,23,6575,3,5
848,COM212,23,6598,3,5
849,COM212,23,6285,3,2
850,COM212,23,6596,4,class is outside ... amazing!
851,COM212,23,6702,4,N/A
852,COM212,23,6405,4,nope
853,COM212,23,6438,4,thank you for letting us have class outide
854,COM212,23,6598,4,NA
855,COM212,23,6575,4,i love being outside today
856,COM212,24,6588,1,4
857,COM212,24,6702,1,5
858,COM212,24,6405,1,3
859,COM212,24,6570,1,4
860,COM212,24,6374,1,3
861,COM212,24,6438,1,3
862,COM212,24,6285,1,3
863,COM212,24,6406,1,3
864,COM212,24,6594,1,3
865,COM212,24,6588,2,5
866,COM212,24,6702,2,5
867,COM212,24,6405,2,3
868,COM212,24,6570,2,4
869,COM212,24,6374,2,3
870,COM212,24,6438,2,3
871,COM212,24,6285,2,2
872,COM212,24,6406,2,4
873,COM212,24,6594,2,4
874,COM212,24,6588,3,5
875,COM212,24,6702,3,5
876,COM212,24,6405,3,3
877,COM212,24,6570,3,4
878,COM212,24,6374,3,4
879,COM212,24,6438,3,5
880,COM212,24,6285,3,3
881,COM212,24,6406,3,4
882,COM212,24,6594,3,3
883,COM212,24,6702,4,N/A
884,COM212,24,6405,4,nope
885,COM212,24,6438,4,no
886,COM212,24,6594,4,can we go outside today
887,COM212,25,6438,1,4
888,COM212,25,6405,1,3
889,COM212,25,6598,1,5
890,COM212,25,6588,1,5
891,COM212,25,6596,1,5
892,COM212,25,6285,1,2
893,COM212,25,6573,1,3
894,COM212,25,6537,1,4
895,COM212,25,6570,1,3
896,COM212,25,6406,1,3
897,COM212,25,6571,1,4
898,COM212,25,6702,1,5
899,COM212,25,6575,1,5
900,COM212,25,6574,1,5
901,COM212,25,6286,1,2
902,COM212,25,6194,1,4
903,COM212,25,6438,2,4
904,COM212,25,6405,2,4
905,COM212,25,6573,2,4.5
906,COM212,25,6596,2,5
907,COM212,25,6285,2,2
908,COM212,25,6598,2,5
909,COM212,25,6588,2,5
910,COM212,25,6537,2,3
911,COM212,25,6570,2,4
912,COM212,25,6571,2,4
913,COM212,25,6406,2,3
914,COM212,25,6702,2,5
915,COM212,25,6575,2,4
916,COM212,25,6574,2,5
917,COM212,25,6286,2,1
918,COM212,25,6194,2,3
919,COM212,25,6405,3,4
920,COM212,25,6286,3,2.5
921,COM212,25,6194,3,2
922,COM212,25,6596,3,3
923,COM212,25,6438,3,4
924,COM212,25,6285,3,2
925,COM212,25,6573,3,4
926,COM212,25,6598,3,5
927,COM212,25,6588,3,5
928,COM212,25,6537,3,4
929,COM212,25,6571,3,4
930,COM212,25,6570,3,4
931,COM212,25,6702,3,5
932,COM212,25,6406,3,4
933,COM212,25,6575,3,5
934,COM212,25,6574,3,5
935,COM212,25,6598,4,NA
936,COM212,25,6194,4,no
937,COM212,25,6596,4,no
938,COM212,25,6286,4,"I'm working to resubmit my old assignments that I wasn't able to do my best on, I'm wondering how late marks will end up affecting my whole grade and if i may be able to have some extra credit"
939,COM212,25,6438,4,no
940,COM212,25,6405,4,nope
941,COM212,25,6573,4,the weather has been beautiful
942,COM212,25,6702,4,N/A
943,COM212,25,6570,4,N/A
944,COM214,5,6706,1,4
945,COM214,5,6716,1,4
946,COM214,5,6712,1,3
947,COM214,5,6708,1,4
948,COM214,5,6707,1,4.25
949,COM214,5,6376,1,4
950,COM214,5,6711,1,4
951,COM214,5,6598,1,4
952,COM214,5,6713,1,3
953,COM214,5,6406,1,4
954,COM214,5,6575,1,4
955,COM214,5,6583,1,0
956,COM214,5,6504,1,4
957,COM214,5,6718,1,4
958,COM214,5,6289,1,5
959,COM214,5,6288,1,4
960,COM214,5,6580,1,2.5
961,COM214,5,6709,1,3
962,COM214,5,6717,1,4
963,COM214,5,6147,1,4
964,COM214,5,6597,1,4
965,COM214,5,6149,1,5
966,COM214,5,6236,1,4
967,COM214,5,6706,2,4
968,COM214,5,6716,2,4
969,COM214,5,6708,2,5
970,COM214,5,6712,2,3
971,COM214,5,6707,2,10
972,COM214,5,6711,2,3
973,COM214,5,6598,2,4
974,COM214,5,6406,2,4
975,COM214,5,6713,2,5
976,COM214,5,6575,2,1
977,COM214,5,6583,2,2
978,COM214,5,6504,2,3
979,COM214,5,6718,2,4
980,COM214,5,6288,2,2.5
981,COM214,5,6376,2,4
982,COM214,5,6709,2,4
983,COM214,5,6580,2,2
984,COM214,5,6289,2,5
985,COM214,5,6717,2,3
986,COM214,5,6147,2,3
987,COM214,5,6597,2,3
988,COM214,5,6149,2,4
989,COM214,5,6236,2,3
990,COM214,5,6236,3,4
991,COM214,5,6706,3,4
992,COM214,5,6708,3,3.4
993,COM214,5,6712,3,3
994,COM214,5,6718,3,3
995,COM214,5,6707,3,3.95
996,COM214,5,6711,3,4
997,COM214,5,6598,3,5
998,COM214,5,6575,3,3
999,COM214,5,6713,3,4
1000,COM214,5,6583,3,5
1001,COM214,5,6406,3,3
1002,COM214,5,6504,3,3
1003,COM214,5,6709,3,4
1004,COM214,5,6376,3,4
1005,COM214,5,6289,3,5
1006,COM214,5,6288,3,3
1007,COM214,5,6580,3,3
1008,COM214,5,6717,3,2
1009,COM214,5,6147,3,5
1010,COM214,5,6149,3,5
1011,COM214,5,6597,3,4
1012,COM214,5,6716,3,4
1013,COM214,5,6406,4,Often the readings about the content of the class are due multiple days before the content is covered in class. I'd benefit if the textbook was more of a preview of what would be covered in class as often the textbook is very dense.
1014,COM214,5,6708,4,"Nothing, I think the textbook is a good resource."
1015,COM214,5,6583,4,"I wish we did not have to do the writeups for each class. It adds to the workload we already have and tends to produce stress as it is due twice a week. The readings are interesting and I love the class, I just find the writeups cause stress and more pressure that does not need to exist in this class."
1016,COM214,5,6718,4,I find the readings very interesting and helpful during homework but I get discouraged by the forum posts. I find that 500 words is much longer than can be easily written about our homework assignments and struggle to reach the desired lenght of post despite having read and absorbed the homework content.
1017,COM214,5,6504,4,"I am a bit overwhelmed by the volume of content for this course- I think mastering HTML, CSS, Javascript, and Ruby in the span of 4 months won't be easy"
1018,COM214,5,6712,4,let us pick our groups
1019,COM214,5,6288,4,I was thinking about maybe lowering the writing limit for the SWA. I've been finding it really hard to get to the 500 without feeling like I'm just summarizing everything I just read. It gets a bit frustrating because I feel like I'm not doing good enough on them.
1020,COM214,5,6707,4,"I think for the programming assignments, if you could go a little more into depth about them during class, that would make me feel more comfortable. Another thing I think would be interesting is like a running list of features that we have learned through the course. The more we go the more we add, and sometimes it is overwhelming just knowing how to do simple things when there are so many things that are thrown at us."
1021,COM214,5,6598,4,NA
1022,COM214,5,6147,4,not right now
1023,COM214,5,6575,4,i really wish that we could choose our group assignment partners for future assignments
1024,COM214,5,6709,4,nothing so far that I have encountered
1025,COM214,7,6703,1,4
1026,COM214,7,6714,1,3
1027,COM214,7,6581,1,3
1028,COM214,7,6471,1,3
1029,COM214,7,6597,1,3
1030,COM214,7,6147,1,3
1031,COM214,7,6583,1,0
1032,COM214,7,6580,1,3
1033,COM214,7,6706,1,4
1034,COM214,7,6707,1,4.05
1035,COM214,7,6715,1,3
1036,COM214,7,6504,1,3
1037,COM214,7,6236,1,4
1038,COM214,7,6376,1,5
1039,COM214,7,6709,1,3
1040,COM214,7,6717,1,4
1041,COM214,7,6406,1,3
1042,COM214,7,6718,1,2
1043,COM214,7,6708,1,3
1044,COM214,7,6716,1,4
1045,COM214,7,6575,1,5
1046,COM214,7,6711,1,4
1047,COM214,7,6712,1,3.5
1048,COM214,7,6289,1,5
1049,COM214,7,6718,2,3
1050,COM214,7,6716,2,4
1051,COM214,7,6406,2,4
1052,COM214,7,6711,2,3
1053,COM214,7,6471,2,3
1054,COM214,7,6597,2,3
1055,COM214,7,6147,2,3
1056,COM214,7,6575,2,0
1057,COM214,7,6703,2,4
1058,COM214,7,6714,2,3
1059,COM214,7,6583,2,0
1060,COM214,7,6581,2,3
1061,COM214,7,6580,2,1
1062,COM214,7,6706,2,5
1063,COM214,7,6707,2,4.5
1064,COM214,7,6715,2,3
1065,COM214,7,6712,2,3.5
1066,COM214,7,6504,2,3
1067,COM214,7,6236,2,3
1068,COM214,7,6376,2,4
1069,COM214,7,6709,2,4
1070,COM214,7,6717,2,3
1071,COM214,7,6708,2,2
1072,COM214,7,6289,2,5
1073,COM214,7,6717,3,2
1074,COM214,7,6711,3,4
1075,COM214,7,6716,3,4
1076,COM214,7,6147,3,4
1077,COM214,7,6597,3,4
1078,COM214,7,6406,3,4
1079,COM214,7,6703,3,4
1080,COM214,7,6583,3,4
1081,COM214,7,6708,3,4
1082,COM214,7,6575,3,4
1083,COM214,7,6718,3,3
1084,COM214,7,6471,3,4
1085,COM214,7,6581,3,4
1086,COM214,7,6580,3,1
1087,COM214,7,6706,3,4
1088,COM214,7,6707,3,4
1089,COM214,7,6715,3,2.5
1090,COM214,7,6712,3,3.5
1091,COM214,7,6504,3,4
1092,COM214,7,6236,3,4.5
1093,COM214,7,6376,3,4
1094,COM214,7,6709,3,4
1095,COM214,7,6289,3,5
1096,COM214,7,6711,4,n/a
1097,COM214,7,6598,4,Nope
1098,COM214,7,6147,4,no
1099,COM214,7,6703,4,none
1100,COM214,7,6708,4,"No, I'm excited to code more!"
1101,COM214,7,6583,4,Just had a particularly bad day yesterday where I was unable to work. Hopefully this is a one off
1102,COM214,7,6376,4,no
1103,COM214,7,6575,4,this is a really hard day for me today but i really love learning having a hard day outside of class glad i can be sitting here
1104,COM214,7,6406,4,Nothing today
1105,COM214,7,6716,4,None.
1106,COM214,7,6714,4,3
1107,COM214,7,6597,4,I think it would help if we had more prep in class relating to the PA assignments I always feel a little bit confused or very stressed for them
1108,COM214,7,6707,4,n/a
1109,COM214,7,6715,4,"The readings are super interesting, but I struggle to fill 500 words. It's difficult to find the motivation to keep reading knowing that I'll have to embellish some of what I'm writing simply because I can't find the content to fill the word count. The reflections are vital to tracking our understanding, but I think a lower minimum word count would be beneficial."
1110,COM214,7,6712,4,less reading
1111,COM214,7,6504,4,No
1112,COM214,7,6709,4,nothing right now
1113,COM214,8,4806,1,5
1114,COM214,8,6708,1,4
1115,COM214,8,6288,1,3.5
1116,COM214,8,6149,1,4
1117,COM214,8,6716,1,4
1118,COM214,8,6147,1,2
1119,COM214,8,6709,1,3
1120,COM214,8,6703,1,4
1121,COM214,8,6707,1,4.1
1122,COM214,8,6717,1,5
1123,COM214,8,6406,1,3
1124,COM214,8,6712,1,3.5
1125,COM214,8,6376,1,2
1126,COM214,8,6597,1,3
1127,COM214,8,6598,1,5
1128,COM214,8,6580,1,4
1129,COM214,8,6471,1,3
1130,COM214,8,6236,1,4
1131,COM214,8,6706,1,4.5
1132,COM214,8,6718,1,3
1133,COM214,8,6575,1,3
1134,COM214,8,6583,1,2
1135,COM214,8,6289,1,5
1136,COM214,8,4806,2,5
1137,COM214,8,6708,2,3
1138,COM214,8,6288,2,3
1139,COM214,8,6149,2,3
1140,COM214,8,6147,2,2
1141,COM214,8,6709,2,2
1142,COM214,8,6717,2,4
1143,COM214,8,6707,2,4.1
1144,COM214,8,6580,2,4
1145,COM214,8,6406,2,4
1146,COM214,8,6712,2,4
1147,COM214,8,6376,2,0
1148,COM214,8,6706,2,5
1149,COM214,8,6598,2,5
1150,COM214,8,6716,2,5
1151,COM214,8,6597,2,5
1152,COM214,8,6471,2,2
1153,COM214,8,6236,2,2.5
1154,COM214,8,6718,2,3
1155,COM214,8,6575,2,0
1156,COM214,8,6583,2,4
1157,COM214,8,6289,2,5
1158,COM214,8,4806,3,5
1159,COM214,8,6708,3,3
1160,COM214,8,6149,3,5
1161,COM214,8,6716,3,4
1162,COM214,8,6147,3,3
1163,COM214,8,6709,3,4
1164,COM214,8,6703,3,4
1165,COM214,8,6717,3,3
1166,COM214,8,6707,3,4.1
1167,COM214,8,6580,3,3
1168,COM214,8,6406,3,3
1169,COM214,8,6712,3,3
1170,COM214,8,6376,3,4
1171,COM214,8,6706,3,4
1172,COM214,8,6598,3,5
1173,COM214,8,6597,3,4
1174,COM214,8,6471,3,4
1175,COM214,8,6236,3,4
1176,COM214,8,6718,3,3
1177,COM214,8,6575,3,4
1178,COM214,8,6583,3,4
1179,COM214,8,6289,3,5
1180,COM214,8,4806,4,lets go
1181,COM214,8,6716,4,None.
1182,COM214,8,6709,4,na
1183,COM214,8,6703,4,none
1184,COM214,8,6147,4,no
1185,COM214,8,6707,4,maybe a little more class practice
1186,COM214,8,6712,4,nah
1187,COM214,8,6406,4,nothing today
1188,COM214,8,6580,4,Having a review day
1189,COM214,8,6376,4,No
1190,COM214,8,6598,4,no
1191,COM214,8,6288,4,Currently I just feel a bit low and anxious because I've been sick and it's been hard to do work and catch up while being sick since I get sick really bad. But I've manage to try and stay on top of more pressing things like the PA.
1192,COM214,8,6575,4,happy to be in class
1193,COM214,8,6583,4,Got confused and did the wrong reading
1194,COM214,9,6707,1,4.1
1195,COM214,9,6717,1,3
1196,COM214,9,6147,1,4
1197,COM214,9,6580,1,4
1198,COM214,9,6711,1,4
1199,COM214,9,6718,1,3
1200,COM214,9,6597,1,3
1201,COM214,9,6149,1,5
1202,COM214,9,6289,1,5
1203,COM214,9,6708,1,4
1204,COM214,9,6236,1,4
1205,COM214,9,6406,1,4
1206,COM214,9,6715,1,3
1207,COM214,9,6709,1,2
1208,COM214,9,6598,1,5
1209,COM214,9,6504,1,4
1210,COM214,9,6703,1,4
1211,COM214,9,6471,1,5
1212,COM214,9,6288,1,4
1213,COM214,9,6706,1,4
1214,COM214,9,6592,1,4
1215,COM214,9,6575,1,4
1216,COM214,9,6712,1,3
1217,COM214,9,4806,1,5
1218,COM214,9,6713,1,3
1219,COM214,9,6707,2,4.1
1220,COM214,9,6597,2,1
1221,COM214,9,6149,2,4
1222,COM214,9,6289,2,5
1223,COM214,9,6236,2,3.5
1224,COM214,9,6711,2,3
1225,COM214,9,6717,2,1
1226,COM214,9,6718,2,3
1227,COM214,9,6471,2,2
1228,COM214,9,6288,2,3.5
1229,COM214,9,6709,2,2
1230,COM214,9,6598,2,5
1231,COM214,9,6504,2,1
1232,COM214,9,6703,2,4
1233,COM214,9,6708,2,4
1234,COM214,9,6406,2,4
1235,COM214,9,6580,2,5
1236,COM214,9,6715,2,3
1237,COM214,9,6147,2,2
1238,COM214,9,6706,2,4
1239,COM214,9,6592,2,4
1240,COM214,9,6575,2,0
1241,COM214,9,6712,2,3
1242,COM214,9,4806,2,5
1243,COM214,9,6713,2,5
1244,COM214,9,6707,3,4.1
1245,COM214,9,6718,3,3
1246,COM214,9,6597,3,4
1247,COM214,9,6711,3,3
1248,COM214,9,6717,3,3
1249,COM214,9,6149,3,5
1250,COM214,9,6708,3,3
1251,COM214,9,6580,3,3
1252,COM214,9,6147,3,3
1253,COM214,9,6471,3,3
1254,COM214,9,6288,3,4
1255,COM214,9,6709,3,3
1256,COM214,9,6598,3,5
1257,COM214,9,6504,3,4
1258,COM214,9,6703,3,4
1259,COM214,9,6289,3,5
1260,COM214,9,6715,3,3
1261,COM214,9,6236,3,4
1262,COM214,9,6406,3,4
1263,COM214,9,6706,3,4
1264,COM214,9,6592,3,4
1265,COM214,9,6575,3,4
1266,COM214,9,4806,3,5
1267,COM214,9,6712,3,3
1268,COM214,9,6713,3,4
1269,COM214,9,6707,4,n/a
1270,COM214,9,6709,4,no
1271,COM214,9,6406,4,Issue more projects for assignments instead of reflections. I find applying what I learn more useful.
1272,COM214,9,6598,4,NA
1273,COM214,9,6504,4,N/A
1274,COM214,9,6712,4,group projects
1275,COM214,9,6703,4,non3
1276,COM214,9,6289,4,N/A
1277,COM214,9,6715,4,pls lower min word count for reflections
1278,COM214,9,6708,4,Maybe explore bootstrap more
1279,COM214,9,6592,4,more sources maybe on html learning
1280,COM214,9,6575,4,hard few days but i am very grateful to be here in class today
1281,COM214,10,6716,1,4
1282,COM214,10,6406,1,3
1283,COM214,10,6718,1,3
1284,COM214,10,6706,1,4
1285,COM214,10,6707,1,4.1
1286,COM214,10,6717,1,4
1287,COM214,10,6288,1,4
1288,COM214,10,6580,1,4
1289,COM214,10,4806,1,10
1290,COM214,10,6504,1,4
1291,COM214,10,6598,1,5
1292,COM214,10,6236,1,5
1293,COM214,10,6592,1,3
1294,COM214,10,6289,1,5
1295,COM214,10,6716,2,5
1296,COM214,10,6406,2,4
1297,COM214,10,6718,2,3
1298,COM214,10,6706,2,3.5
1299,COM214,10,6707,2,4.1
1300,COM214,10,6717,2,2
1301,COM214,10,6288,2,4
1302,COM214,10,4806,2,10
1303,COM214,10,6580,2,5
1304,COM214,10,6504,2,4
1305,COM214,10,6598,2,5
1306,COM214,10,6236,2,3
1307,COM214,10,6592,2,2
1308,COM214,10,6289,2,5
1309,COM214,10,6716,3,4
1310,COM214,10,6406,3,4
1311,COM214,10,6718,3,3
1312,COM214,10,6707,3,4.1
1313,COM214,10,6717,3,3
1314,COM214,10,6288,3,4
1315,COM214,10,6706,3,4
1316,COM214,10,4806,3,10
1317,COM214,10,6504,3,4
1318,COM214,10,6580,3,4
1319,COM214,10,6598,3,5
1320,COM214,10,6236,3,4.5
1321,COM214,10,6592,3,3
1322,COM214,10,6289,3,5
1323,COM214,10,6716,4,None.
1324,COM214,10,6406,4,nothing today
1325,COM214,10,6707,4,n/a
1326,COM214,10,4806,4,10
1327,COM214,10,6504,4,N/A
1328,COM214,10,6598,4,na
1329,COM214,11,6713,1,4
1330,COM214,11,6597,1,3
1331,COM214,11,6712,1,3
1332,COM214,11,6289,1,5
1333,COM214,11,6713,2,3
1334,COM214,11,6597,2,2
1335,COM214,11,6712,2,3
1336,COM214,11,6289,2,5
1337,COM214,11,6713,3,3
1338,COM214,11,6597,3,4
1339,COM214,11,6712,3,3
1340,COM214,11,6289,3,5
1341,COM214,11,6712,4,3
1342,COM214,12,6406,1,4
1343,COM214,12,6708,1,4
1344,COM214,12,6706,1,3
1345,COM214,12,6711,1,3
1346,COM214,12,6149,1,4
1347,COM214,12,6575,1,4
1348,COM214,12,6580,1,5
1349,COM214,12,6717,1,2
1350,COM214,12,6716,1,4
1351,COM214,12,6504,1,3
1352,COM214,12,6288,1,3
1353,COM214,12,6709,1,4
1354,COM214,12,6598,1,5
1355,COM214,12,6597,1,3
1356,COM214,12,6289,1,5
1357,COM214,12,6703,1,4
1358,COM214,12,6713,1,3
1359,COM214,12,6406,2,5
1360,COM214,12,6708,2,4
1361,COM214,12,6717,2,4
1362,COM214,12,6711,2,4
1363,COM214,12,6149,2,4
1364,COM214,12,6706,2,4.5
1365,COM214,12,6716,2,4
1366,COM214,12,6580,2,3
1367,COM214,12,6575,2,4
1368,COM214,12,6504,2,3
1369,COM214,12,6288,2,2
1370,COM214,12,6709,2,3
1371,COM214,12,6598,2,5
1372,COM214,12,6597,2,3
1373,COM214,12,6289,2,5
1374,COM214,12,6703,2,3
1375,COM214,12,6713,2,4
1376,COM214,12,6406,3,4
1377,COM214,12,6708,3,4
1378,COM214,12,6717,3,3
1379,COM214,12,6711,3,4
1380,COM214,12,6149,3,5
1381,COM214,12,6706,3,4
1382,COM214,12,6716,3,4
1383,COM214,12,6575,3,4
1384,COM214,12,6504,3,3
1385,COM214,12,6580,3,4
1386,COM214,12,6709,3,3
1387,COM214,12,6288,3,3
1388,COM214,12,6598,3,5
1389,COM214,12,6597,3,3
1390,COM214,12,6289,3,3
1391,COM214,12,6703,3,4
1392,COM214,12,6713,3,3
1393,COM214,12,6406,4,"I definitely find the PA assignments useful not just for review but for learning, if smaller similar assignments could be sprinkled throughout the semester that would be great"
1394,COM214,12,6716,4,None
1395,COM214,12,6575,4,i am happy to be here today
1396,COM214,12,6504,4,N/A
1397,COM214,12,6709,4,na
1398,COM214,12,6598,4,NA
1399,COM214,12,6289,4,No
1400,COM214,12,6703,4,none
1401,COM214,13,6706,1,3
1402,COM214,13,6711,1,3
1403,COM214,13,6288,1,4
1404,COM214,13,6708,1,3
1405,COM214,13,6717,1,1
1406,COM214,13,6709,1,2
1407,COM214,13,6149,1,4
1408,COM214,13,6592,1,3
1409,COM214,13,6718,1,3
1410,COM214,13,6707,1,3.5
1411,COM214,13,6575,1,4
1412,COM214,13,6715,1,2
1413,COM214,13,6598,1,5
1414,COM214,13,6504,1,3
1415,COM214,13,6583,1,2
1416,COM214,13,6716,1,4
1417,COM214,13,6406,1,4
1418,COM214,13,6236,1,5
1419,COM214,13,6580,1,4
1420,COM214,13,6712,1,3
1421,COM214,13,6471,1,2
1422,COM214,13,6713,1,2
1423,COM214,13,6289,1,5
1424,COM214,13,6706,2,4
1425,COM214,13,6714,2,3
1426,COM214,13,6711,2,3
1427,COM214,13,6288,2,3
1428,COM214,13,6708,2,3
1429,COM214,13,6717,2,2
1430,COM214,13,6709,2,3
1431,COM214,13,6149,2,5
1432,COM214,13,6592,2,4
1433,COM214,13,6718,2,3
1434,COM214,13,6707,2,4.5
1435,COM214,13,6575,2,4
1436,COM214,13,6715,2,2
1437,COM214,13,6598,2,5
1438,COM214,13,6504,2,4
1439,COM214,13,6583,2,1
1440,COM214,13,6716,2,4
1441,COM214,13,6406,2,4
1442,COM214,13,6236,2,3.5
1443,COM214,13,6580,2,3
1444,COM214,13,6712,2,3
1445,COM214,13,6471,2,3
1446,COM214,13,6713,2,3
1447,COM214,13,6289,2,5
1448,COM214,13,6706,3,4
1449,COM214,13,6711,3,3
1450,COM214,13,6714,3,3
1451,COM214,13,6288,3,4
1452,COM214,13,6708,3,4
1453,COM214,13,6709,3,3
1454,COM214,13,6717,3,2
1455,COM214,13,6149,3,5
1456,COM214,13,6592,3,3
1457,COM214,13,6718,3,3
1458,COM214,13,6707,3,3.5
1459,COM214,13,6575,3,4
1460,COM214,13,6715,3,4
1461,COM214,13,6598,3,5
1462,COM214,13,6504,3,4
1463,COM214,13,6583,3,4
1464,COM214,13,6716,3,4
1465,COM214,13,6406,3,4
1466,COM214,13,6236,3,5
1467,COM214,13,6580,3,5
1468,COM214,13,6712,3,3
1469,COM214,13,6471,3,4
1470,COM214,13,6713,3,3
1471,COM214,13,6289,3,5
1472,COM214,13,6709,4,na
1473,COM214,13,6707,4,n/a
1474,COM214,13,6575,4,very lucky to be here
1475,COM214,13,6715,4,no
1476,COM214,13,6598,4,NA
1477,COM214,13,6504,4,N/A
1478,COM214,13,6406,4,nothing today
1479,COM214,13,6583,4,"Had a long weekend, got a lot on my plate with midterms so I am not very prepared for this class."
1480,COM214,13,6716,4,None right now.
1481,COM214,13,6712,4,n/a
1482,COM214,14,6703,1,3
1483,COM214,14,6711,1,4
1484,COM214,14,6706,1,3.5
1485,COM214,14,6707,1,3.7
1486,COM214,14,6504,1,3
1487,COM214,14,6288,1,4
1488,COM214,14,6716,1,4
1489,COM214,14,6717,1,3
1490,COM214,14,6718,1,3
1491,COM214,14,6406,1,3
1492,COM214,14,6580,1,4
1493,COM214,14,6289,1,5
1494,COM214,14,6708,1,4
1495,COM214,14,6147,1,4
1496,COM214,14,6575,1,4
1497,COM214,14,6709,1,2
1498,COM214,14,4806,1,5
1499,COM214,14,6714,1,3
1500,COM214,14,6598,1,5
1501,COM214,14,6712,1,3
1502,COM214,14,6713,1,3
1503,COM214,14,6583,1,0
1504,COM214,14,6703,2,3
1505,COM214,14,6711,2,5
1506,COM214,14,6706,2,4
1507,COM214,14,6707,2,3
1508,COM214,14,6504,2,3
1509,COM214,14,6288,2,4
1510,COM214,14,6716,2,4
1511,COM214,14,6717,2,3
1512,COM214,14,6718,2,3
1513,COM214,14,6289,2,5
1514,COM214,14,6580,2,4
1515,COM214,14,6406,2,3
1516,COM214,14,6708,2,3
1517,COM214,14,6147,2,1
1518,COM214,14,6575,2,4
1519,COM214,14,6709,2,2
1520,COM214,14,4806,2,5
1521,COM214,14,6714,2,3
1522,COM214,14,6598,2,5
1523,COM214,14,6712,2,3
1524,COM214,14,6713,2,2
1525,COM214,14,6583,2,2
1526,COM214,14,6703,3,3
1527,COM214,14,6711,3,3
1528,COM214,14,6706,3,4
1529,COM214,14,6707,3,3.5
1530,COM214,14,6504,3,4
1531,COM214,14,6717,3,2
1532,COM214,14,6288,3,4
1533,COM214,14,6716,3,4
1534,COM214,14,6718,3,3
1535,COM214,14,6289,3,5
1536,COM214,14,6708,3,4
1537,COM214,14,6580,3,4
1538,COM214,14,6406,3,4
1539,COM214,14,6147,3,3
1540,COM214,14,6575,3,4
1541,COM214,14,6709,3,3
1542,COM214,14,4806,3,5
1543,COM214,14,6714,3,3
1544,COM214,14,6598,3,5
1545,COM214,14,6712,3,3
1546,COM214,14,6713,3,4
1547,COM214,14,6583,3,4
1548,COM214,14,6707,4,Can you go over the thing you did at the end of class last time where you explained how you saved the changes you made in the Ruby code to your file?
1549,COM214,14,6716,4,None
1550,COM214,14,6504,4,N/A
1551,COM214,14,6289,4,no
1552,COM214,14,6709,4,no
1553,COM214,14,6575,4,i am not feeling great today so i will need to rest a little
1554,COM214,14,4806,4,5
1555,COM214,14,6714,4,3
1556,COM214,14,6598,4,NA
1557,COM214,14,6712,4,less work
1558,COM214,14,6583,4,Midterms have been ruff and I have fallen behind on reading
1559,COM214,15,6709,1,3
1560,COM214,15,6149,1,4
1561,COM214,15,6716,1,4
1562,COM214,15,6712,1,3
1563,COM214,15,6376,1,1
1564,COM214,15,6703,1,4
1565,COM214,15,4806,1,6
1566,COM214,15,6580,1,4
1567,COM214,15,6718,1,3
1568,COM214,15,6471,1,3
1569,COM214,15,6575,1,5
1570,COM214,15,6708,1,4
1571,COM214,15,6504,1,3
1572,COM214,15,6711,1,3
1573,COM214,15,6717,1,3
1574,COM214,15,6406,1,3
1575,COM214,15,6288,1,3
1576,COM214,15,6706,1,3
1577,COM214,15,6598,1,5
1578,COM214,15,6597,1,3
1579,COM214,15,6592,1,3
1580,COM214,15,6236,1,5
1581,COM214,15,6713,1,4
1582,COM214,15,6583,1,4
1583,COM214,15,6289,1,5
1584,COM214,15,6709,2,3
1585,COM214,15,6149,2,3
1586,COM214,15,6716,2,4
1587,COM214,15,6712,2,3
1588,COM214,15,6703,2,3
1589,COM214,15,6376,2,4
1590,COM214,15,4806,2,6
1591,COM214,15,6580,2,4
1592,COM214,15,6718,2,3
1593,COM214,15,6471,2,1
1594,COM214,15,6575,2,3
1595,COM214,15,6708,2,3
1596,COM214,15,6711,2,2
1597,COM214,15,6717,2,3
1598,COM214,15,6406,2,4
1599,COM214,15,6288,2,2
1600,COM214,15,6706,2,4
1601,COM214,15,6598,2,5
1602,COM214,15,6504,2,3
1603,COM214,15,6597,2,3
1604,COM214,15,6592,2,3
1605,COM214,15,6713,2,4
1606,COM214,15,6583,2,3
1607,COM214,15,6236,2,3
1608,COM214,15,6289,2,5
1609,COM214,15,6709,3,3
1610,COM214,15,6712,3,3
1611,COM214,15,6716,3,4
1612,COM214,15,6703,3,3
1613,COM214,15,6376,3,3
1614,COM214,15,4806,3,6
1615,COM214,15,6580,3,4
1616,COM214,15,6718,3,3
1617,COM214,15,6471,3,4
1618,COM214,15,6575,3,5
1619,COM214,15,6708,3,4
1620,COM214,15,6711,3,4
1621,COM214,15,6717,3,3
1622,COM214,15,6406,3,4
1623,COM214,15,6288,3,4
1624,COM214,15,6706,3,4
1625,COM214,15,6598,3,5
1626,COM214,15,6504,3,4
1627,COM214,15,6597,3,3
1628,COM214,15,6592,3,4
1629,COM214,15,6713,3,4
1630,COM214,15,6583,3,4
1631,COM214,15,6236,3,4.5
1632,COM214,15,6289,3,5
1633,COM214,15,6598,4,NA
1634,COM214,15,6716,4,None
1635,COM214,15,4806,4,6
1636,COM214,15,6712,4,3
1637,COM214,15,6703,4,none
1638,COM214,15,6406,4,nothing today
1639,COM214,15,6575,4,I think that we should do more hands on activities during class like writing ruby on rails together
1640,COM214,15,6289,4,no
1641,COM214,16,6715,1,2
1642,COM214,16,6236,1,4
1643,COM214,16,6406,1,4
1644,COM214,16,6147,1,2
1645,COM214,16,6471,1,3
1646,COM214,16,6716,1,4
1647,COM214,16,6288,1,4
1648,COM214,16,6703,1,4
1649,COM214,16,6717,1,2
1650,COM214,16,6718,1,3
1651,COM214,16,6709,1,3
1652,COM214,16,6289,1,5
1653,COM214,16,6583,1,3
1654,COM214,16,6504,1,3
1655,COM214,16,6711,1,4
1656,COM214,16,6706,1,4
1657,COM214,16,6376,1,3
1658,COM214,16,4806,1,5
1659,COM214,16,6707,1,4.5
1660,COM214,16,6592,1,3
1661,COM214,16,6580,1,4
1662,COM214,16,6598,1,5
1663,COM214,16,6575,1,4
1664,COM214,16,6714,1,3
1665,COM214,16,6715,2,3
1666,COM214,16,6236,2,3.5
1667,COM214,16,6406,2,4
1668,COM214,16,6147,2,2
1669,COM214,16,6471,2,2
1670,COM214,16,6716,2,4
1671,COM214,16,6288,2,4
1672,COM214,16,6703,2,3
1673,COM214,16,6717,2,4
1674,COM214,16,6718,2,3
1675,COM214,16,6709,2,3
1676,COM214,16,6289,2,5
1677,COM214,16,6583,2,4
1678,COM214,16,6504,2,4
1679,COM214,16,6711,2,3
1680,COM214,16,6706,2,4
1681,COM214,16,6376,2,3
1682,COM214,16,4806,2,5
1683,COM214,16,6707,2,4
1684,COM214,16,6592,2,4
1685,COM214,16,6580,2,5
1686,COM214,16,6598,2,5
1687,COM214,16,6575,2,3
1688,COM214,16,6714,2,4
1689,COM214,16,6715,3,3
1690,COM214,16,6580,3,5
1691,COM214,16,6236,3,5
1692,COM214,16,6147,3,4
1693,COM214,16,6471,3,4
1694,COM214,16,6716,3,4
1695,COM214,16,6288,3,4
1696,COM214,16,6703,3,3
1697,COM214,16,6717,3,3
1698,COM214,16,6718,3,3
1699,COM214,16,6709,3,3
1700,COM214,16,6289,3,5
1701,COM214,16,6504,3,3
1702,COM214,16,6583,3,5
1703,COM214,16,6711,3,4
1704,COM214,16,4806,3,5
1705,COM214,16,6706,3,4
1706,COM214,16,6376,3,3
1707,COM214,16,6707,3,4
1708,COM214,16,6592,3,4
1709,COM214,16,6406,3,4
1710,COM214,16,6598,3,5
1711,COM214,16,6575,3,5
1712,COM214,16,6714,3,3
1713,COM214,16,6716,4,None
1714,COM214,16,6703,4,none
1715,COM214,16,6709,4,na
1716,COM214,16,6289,4,no
1717,COM214,16,6504,4,N/A
1718,COM214,16,6707,4,n/a
1719,COM214,16,4806,4,5
1720,COM214,16,6406,4,nothing today
1721,COM214,16,6598,4,no
1722,COM214,16,6575,4,excited to be here in class
1723,COM214,16,6714,4,I feel ok at where I am at right now
1724,COM214,17,6583,1,4
1725,COM214,17,6581,1,4
1726,COM214,17,6236,1,4.5
1727,COM214,17,6289,1,5
1728,COM214,17,6288,1,4
1729,COM214,17,6575,1,4
1730,COM214,17,6711,1,4
1731,COM214,17,6592,1,3
1732,COM214,17,6406,1,3
1733,COM214,17,6707,1,4
1734,COM214,17,6471,1,3
1735,COM214,17,6597,1,4
1736,COM214,17,6598,1,5
1737,COM214,17,6717,1,3
1738,COM214,17,6716,1,4
1739,COM214,17,6708,1,3
1740,COM214,17,6580,1,5
1741,COM214,17,6709,1,3
1742,COM214,17,6504,1,4
1743,COM214,17,6706,1,4
1744,COM214,17,6583,2,2
1745,COM214,17,6706,2,4
1746,COM214,17,6581,2,5
1747,COM214,17,6236,2,3.5
1748,COM214,17,6289,2,5
1749,COM214,17,6288,2,3
1750,COM214,17,6575,2,5
1751,COM214,17,6711,2,3
1752,COM214,17,6592,2,3
1753,COM214,17,6406,2,3
1754,COM214,17,6707,2,4
1755,COM214,17,6471,2,0
1756,COM214,17,6597,2,3
1757,COM214,17,6598,2,5
1758,COM214,17,6717,2,3
1759,COM214,17,6716,2,4
1760,COM214,17,6708,2,4
1761,COM214,17,6709,2,3
1762,COM214,17,6580,2,5
1763,COM214,17,6504,2,4
1764,COM214,17,6504,3,4
1765,COM214,17,6583,3,5
1766,COM214,17,6706,3,4
1767,COM214,17,6581,3,4
1768,COM214,17,6236,3,5
1769,COM214,17,6289,3,5
1770,COM214,17,6288,3,4
1771,COM214,17,6711,3,4
1772,COM214,17,6592,3,4
1773,COM214,17,6406,3,4
1774,COM214,17,6707,3,4
1775,COM214,17,6575,3,5
1776,COM214,17,6471,3,4
1777,COM214,17,6597,3,3
1778,COM214,17,6598,3,5
1779,COM214,17,6717,3,3
1780,COM214,17,6716,3,4
1781,COM214,17,6708,3,4
1782,COM214,17,6709,3,3
1783,COM214,17,6580,3,5
1784,COM214,17,6504,4,N/A
1785,COM214,17,6707,4,n/a
1786,COM214,17,6575,4,i am excited to be here today
1787,COM214,17,6598,4,NA
1788,COM214,17,6716,4,None
1789,COM214,18,6406,1,3
1790,COM214,18,6703,1,2
1791,COM214,18,6288,1,4
1792,COM214,18,6713,1,3
1793,COM214,18,6716,1,4
1794,COM214,18,6706,1,4
1795,COM214,18,6707,1,4
1796,COM214,18,6504,1,3
1797,COM214,18,6575,1,4
1798,COM214,18,6236,1,5
1799,COM214,18,6583,1,4
1800,COM214,18,6717,1,2
1801,COM214,18,6598,1,5
1802,COM214,18,6289,1,5
1803,COM214,18,6709,1,2
1804,COM214,18,6471,1,3
1805,COM214,18,6597,1,3
1806,COM214,18,6708,1,4
1807,COM214,18,6718,1,2
1808,COM214,18,6376,1,2
1809,COM214,18,6714,1,3
1810,COM214,18,6592,1,3
1811,COM214,18,6406,2,4
1812,COM214,18,6703,2,3
1813,COM214,18,6288,2,4
1814,COM214,18,6713,2,3
1815,COM214,18,6716,2,4
1816,COM214,18,6706,2,4
1817,COM214,18,6707,2,4
1818,COM214,18,6575,2,5
1819,COM214,18,6504,2,3
1820,COM214,18,6583,2,2
1821,COM214,18,6717,2,2
1822,COM214,18,6598,2,5
1823,COM214,18,6289,2,5
1824,COM214,18,6709,2,2
1825,COM214,18,6471,2,1
1826,COM214,18,6597,2,2
1827,COM214,18,6708,2,4
1828,COM214,18,6718,2,3
1829,COM214,18,6376,2,2
1830,COM214,18,6714,2,3
1831,COM214,18,6236,2,3
1832,COM214,18,6592,2,3
1833,COM214,18,6406,3,4
1834,COM214,18,6703,3,3
1835,COM214,18,6288,3,4
1836,COM214,18,6713,3,3
1837,COM214,18,6716,3,4
1838,COM214,18,6706,3,4
1839,COM214,18,6707,3,4
1840,COM214,18,6504,3,3
1841,COM214,18,6583,3,5
1842,COM214,18,6717,3,3
1843,COM214,18,6598,3,5
1844,COM214,18,6575,3,5
1845,COM214,18,6289,3,5
1846,COM214,18,6709,3,3
1847,COM214,18,6471,3,4
1848,COM214,18,6597,3,2
1849,COM214,18,6708,3,3
1850,COM214,18,6718,3,3
1851,COM214,18,6376,3,3
1852,COM214,18,6714,3,3
1853,COM214,18,6236,3,4.5
1854,COM214,18,6592,3,3
1855,COM214,18,6575,4,very happy to be here
1856,COM214,18,6707,4,n/a
1857,COM214,18,6598,4,I love you professor
1858,COM214,18,6504,4,N/A
1859,COM214,19,6707,1,4
1860,COM214,19,6716,1,4
1861,COM214,19,6583,1,3
1862,COM214,19,6711,1,2
1863,COM214,19,6708,1,4
1864,COM214,19,6580,1,4
1865,COM214,19,6706,1,4
1866,COM214,19,6598,1,5
1867,COM214,19,6717,1,3
1868,COM214,19,6288,1,4
1869,COM214,19,6406,1,3
1870,COM214,19,6703,1,3
1871,COM214,19,6504,1,4
1872,COM214,19,6236,1,4.5
1873,COM214,19,6714,1,3
1874,COM214,19,6289,1,5
1875,COM214,19,6713,1,4
1876,COM214,19,6707,2,4
1877,COM214,19,6716,2,4
1878,COM214,19,6583,2,3
1879,COM214,19,6711,2,3
1880,COM214,19,6708,2,4
1881,COM214,19,6580,2,4
1882,COM214,19,6706,2,4
1883,COM214,19,6598,2,5
1884,COM214,19,6717,2,3
1885,COM214,19,6288,2,2
1886,COM214,19,6406,2,3
1887,COM214,19,6504,2,4
1888,COM214,19,6703,2,3
1889,COM214,19,6236,2,3
1890,COM214,19,6714,2,3
1891,COM214,19,6289,2,5
1892,COM214,19,6713,2,3
1893,COM214,19,6707,3,4
1894,COM214,19,6716,3,4
1895,COM214,19,6583,3,4
1896,COM214,19,6711,3,4
1897,COM214,19,6708,3,3
1898,COM214,19,6580,3,5
1899,COM214,19,6706,3,4
1900,COM214,19,6598,3,5
1901,COM214,19,6717,3,3
1902,COM214,19,6288,3,4
1903,COM214,19,6406,3,4
1904,COM214,19,6504,3,3
1905,COM214,19,6703,3,3
1906,COM214,19,6236,3,5
1907,COM214,19,6714,3,3
1908,COM214,19,6289,3,5
1909,COM214,19,6713,3,3
1910,COM214,19,6707,4,n/a
1911,COM214,19,6598,4,NA
1912,COM214,19,6504,4,N/A
1913,COM214,19,6714,4,3
1914,COM214,20,6711,1,3
1915,COM214,20,6703,1,3
1916,COM214,20,6406,1,3
1917,COM214,20,6288,1,4
1918,COM214,20,6575,1,4
1919,COM214,20,6707,1,3
1920,COM214,20,6718,1,3
1921,COM214,20,6717,1,3
1922,COM214,20,6708,1,4
1923,COM214,20,6709,1,3
1924,COM214,20,6583,1,3
1925,COM214,20,6580,1,5
1926,COM214,20,6597,1,3
1927,COM214,20,6706,1,4
1928,COM214,20,6716,1,4
1929,COM214,20,6236,1,5
1930,COM214,20,6598,1,5
1931,COM214,20,6504,1,3
1932,COM214,20,6471,1,4
1933,COM214,20,6289,1,5
1934,COM214,20,6598,2,5
1935,COM214,20,6711,2,4
1936,COM214,20,6703,2,3
1937,COM214,20,6406,2,5
1938,COM214,20,6288,2,3
1939,COM214,20,6575,2,5
1940,COM214,20,6707,2,4
1941,COM214,20,6718,2,3
1942,COM214,20,6717,2,4
1943,COM214,20,6708,2,3
1944,COM214,20,6709,2,3
1945,COM214,20,6583,2,3
1946,COM214,20,6597,2,0
1947,COM214,20,6580,2,5
1948,COM214,20,6706,2,4
1949,COM214,20,6716,2,4
1950,COM214,20,6236,2,4
1951,COM214,20,6504,2,4
1952,COM214,20,6471,2,4
1953,COM214,20,6289,2,5
1954,COM214,20,6598,3,5
1955,COM214,20,6703,3,3
1956,COM214,20,6711,3,4
1957,COM214,20,6406,3,4
1958,COM214,20,6288,3,4
1959,COM214,20,6575,3,5
1960,COM214,20,6707,3,3
1961,COM214,20,6718,3,3
1962,COM214,20,6717,3,3
1963,COM214,20,6708,3,3
1964,COM214,20,6709,3,3
1965,COM214,20,6583,3,4
1966,COM214,20,6597,3,2
1967,COM214,20,6580,3,5
1968,COM214,20,6706,3,4
1969,COM214,20,6716,3,4
1970,COM214,20,6236,3,5
1971,COM214,20,6504,3,3
1972,COM214,20,6471,3,4
1973,COM214,20,6289,3,5
1974,COM214,20,6575,4,"glad to be here in class today, hoping that my toy app can work"
1975,COM214,20,6707,4,n/a
1976,COM214,20,6598,4,no
1977,COM214,21,6714,1,3
1978,COM214,21,6597,1,4
1979,COM214,21,6406,1,2
1980,COM214,21,6288,1,3
1981,COM214,21,6711,1,3
1982,COM214,21,6592,1,3
1983,COM214,21,6716,1,4
1984,COM214,21,6707,1,4
1985,COM214,21,6703,1,4
1986,COM214,21,6580,1,5
1987,COM214,21,4806,1,5
1988,COM214,21,6583,1,1
1989,COM214,21,6708,1,4
1990,COM214,21,6706,1,4
1991,COM214,21,6717,1,3
1992,COM214,21,6598,1,5
1993,COM214,21,6289,1,5
1994,COM214,21,6714,2,3
1995,COM214,21,6597,2,2
1996,COM214,21,6406,2,4
1997,COM214,21,6711,2,3
1998,COM214,21,6592,2,3
1999,COM214,21,6716,2,4
2000,COM214,21,6707,2,4
2001,COM214,21,6703,2,2
2002,COM214,21,6580,2,5
2003,COM214,21,4806,2,5
2004,COM214,21,6288,2,2
2005,COM214,21,6583,2,2
2006,COM214,21,6708,2,3
2007,COM214,21,6706,2,4
2008,COM214,21,6717,2,3
2009,COM214,21,6598,2,5
2010,COM214,21,6289,2,5
2011,COM214,21,6714,3,3
2012,COM214,21,6583,3,3
2013,COM214,21,6406,3,3
2014,COM214,21,6711,3,3
2015,COM214,21,6592,3,3
2016,COM214,21,6707,3,4
2017,COM214,21,6716,3,4
2018,COM214,21,6703,3,3
2019,COM214,21,6580,3,5
2020,COM214,21,4806,3,5
2021,COM214,21,6288,3,4
2022,COM214,21,6597,3,2
2023,COM214,21,6708,3,4
2024,COM214,21,6706,3,3
2025,COM214,21,6717,3,3
2026,COM214,21,6598,3,5
2027,COM214,21,6289,3,5
2028,COM214,21,6714,4,.
2029,COM214,21,6707,4,n/a
2030,COM214,21,4806,4,this is garzain pls save my answers
2031,COM214,21,6598,4,NA
2032,COM214,22,6718,1,3
2033,COM214,22,6406,1,2
2034,COM214,22,6709,1,3
2035,COM214,22,6707,1,4
2036,COM214,22,6575,1,5
2037,COM214,22,6714,1,3
2038,COM214,22,6504,1,3
2039,COM214,22,6236,1,4
2040,COM214,22,6598,1,5
2041,COM214,22,6706,1,4
2042,COM214,22,6288,1,3
2043,COM214,22,6597,1,4
2044,COM214,22,6708,1,4
2045,COM214,22,6471,1,4
2046,COM214,22,6716,1,4
2047,COM214,22,6717,1,2
2048,COM214,22,6289,1,5
2049,COM214,22,6703,1,3
2050,COM214,22,6718,2,3
2051,COM214,22,6406,2,4
2052,COM214,22,6709,2,3
2053,COM214,22,6707,2,4
2054,COM214,22,6575,2,0
2055,COM214,22,6714,2,4
2056,COM214,22,6504,2,3
2057,COM214,22,6236,2,3
2058,COM214,22,6598,2,5
2059,COM214,22,6706,2,4
2060,COM214,22,6288,2,3
2061,COM214,22,6597,2,3
2062,COM214,22,6708,2,3
2063,COM214,22,6471,2,4
2064,COM214,22,6716,2,4
2065,COM214,22,6717,2,3
2066,COM214,22,6289,2,5
2067,COM214,22,6703,2,3
2068,COM214,22,6716,3,4
2069,COM214,22,6718,3,3
2070,COM214,22,6406,3,2
2071,COM214,22,6709,3,3
2072,COM214,22,6707,3,4
2073,COM214,22,6575,3,5
2074,COM214,22,6714,3,3
2075,COM214,22,6504,3,4
2076,COM214,22,6236,3,5
2077,COM214,22,6598,3,5
2078,COM214,22,6706,3,4
2079,COM214,22,6288,3,4
2080,COM214,22,6597,3,2
2081,COM214,22,6703,3,3
2082,COM214,22,6471,3,4
2083,COM214,22,6708,3,4
2084,COM214,22,6717,3,3
2085,COM214,22,6289,3,5
2086,COM214,22,6406,4,"I am generally feeling I don't understand a lot of the components of ruby on rails, coming the project time. Furthermore, I don't know what questions to ask if I were to come to office hours"
2087,COM214,22,6707,4,n/a
2088,COM214,22,6575,4,it was not possible to install the gems i spent all of yesterday working on it
2089,COM214,22,6714,4,3
2090,COM214,22,6504,4,N/A
2091,COM214,22,6598,4,NA
2092,COM214,24,6703,1,3
2093,COM214,24,6236,1,5
2094,COM214,24,6406,1,2
2095,COM214,24,6707,1,4
2096,COM214,24,6598,1,5
2097,COM214,24,6716,1,4
2098,COM214,24,6711,1,3
2099,COM214,24,6289,1,5
2100,COM214,24,6708,1,4
2101,COM214,24,6575,1,5
2102,COM214,24,6709,1,3
2103,COM214,24,6592,1,2
2104,COM214,24,6717,1,3
2105,COM214,24,6583,1,2
2106,COM214,24,6580,1,5
2107,COM214,24,6471,1,4
2108,COM214,24,6504,1,3
2109,COM214,24,6703,2,3
2110,COM214,24,6236,2,4
2111,COM214,24,6406,2,4
2112,COM214,24,6707,2,4
2113,COM214,24,6598,2,5
2114,COM214,24,6716,2,5
2115,COM214,24,6711,2,2
2116,COM214,24,6289,2,5
2117,COM214,24,6708,2,3
2118,COM214,24,6575,2,1
2119,COM214,24,6709,2,3
2120,COM214,24,6592,2,1
2121,COM214,24,6717,2,4
2122,COM214,24,6583,2,2
2123,COM214,24,6580,2,4
2124,COM214,24,6471,2,3
2125,COM214,24,6504,2,4
2126,COM214,24,6703,3,3
2127,COM214,24,6236,3,5
2128,COM214,24,6406,3,4
2129,COM214,24,6707,3,4
2130,COM214,24,6598,3,5
2131,COM214,24,6716,3,4
2132,COM214,24,6711,3,3
2133,COM214,24,6289,3,5
2134,COM214,24,6575,3,5
2135,COM214,24,6709,3,3
2136,COM214,24,6708,3,4
2137,COM214,24,6592,3,3
2138,COM214,24,6717,3,3
2139,COM214,24,6583,3,3
2140,COM214,24,6580,3,5
2141,COM214,24,6471,3,4
2142,COM214,24,6504,3,4
2143,COM214,24,6707,4,n/a
2144,COM214,24,6716,4,None
2145,COM214,24,6598,4,NA
2146,COM214,24,6504,4,N/A
2147,COM214,25,6575,1,5
2148,COM214,25,6236,1,5
2149,COM214,25,6598,1,4
2150,COM214,25,6713,1,4
2151,COM214,25,6406,1,3
2152,COM214,25,6707,1,4
2153,COM214,25,6708,1,3.96
2154,COM214,25,6288,1,3
2155,COM214,25,6289,1,5
2156,COM214,25,6718,1,3
2157,COM214,25,6716,1,5
2158,COM214,25,6717,1,3
2159,COM214,25,6706,1,4
2160,COM214,25,6592,1,2
2161,COM214,25,6583,1,2
2162,COM214,25,6703,1,3
2163,COM214,25,4806,1,5
2164,COM214,25,6715,1,2
2165,COM214,25,6580,1,5
2166,COM214,25,6709,1,3
2167,COM214,25,6709,2,3
2168,COM214,25,6575,2,4
2169,COM214,25,6236,2,4
2170,COM214,25,6598,2,4
2171,COM214,25,6713,2,4
2172,COM214,25,6406,2,4
2173,COM214,25,6707,2,4
2174,COM214,25,6288,2,2
2175,COM214,25,6708,2,2
2176,COM214,25,6289,2,5
2177,COM214,25,6718,2,3
2178,COM214,25,6716,2,4
2179,COM214,25,6717,2,4
2180,COM214,25,6706,2,4
2181,COM214,25,6592,2,1
2182,COM214,25,6703,2,3
2183,COM214,25,6583,2,3
2184,COM214,25,4806,2,5
2185,COM214,25,6715,2,5
2186,COM214,25,6580,2,5
2187,COM214,25,6709,3,3
2188,COM214,25,6575,3,5
2189,COM214,25,6236,3,5
2190,COM214,25,6598,3,4
2191,COM214,25,6713,3,4
2192,COM214,25,6406,3,2
2193,COM214,25,6707,3,4
2194,COM214,25,6288,3,4
2195,COM214,25,6708,3,4
2196,COM214,25,6289,3,5
2197,COM214,25,6718,3,3
2198,COM214,25,6716,3,5
2199,COM214,25,6717,3,3
2200,COM214,25,6706,3,4
2201,COM214,25,6592,3,3
2202,COM214,25,6703,3,3
2203,COM214,25,6583,3,3
2204,COM214,25,4806,3,5
2205,COM214,25,6715,3,5
2206,COM214,25,6580,3,5
2207,COM214,25,6598,4,NA
2208,COM214,25,6707,4,n/a
2209,COM214,25,4806,4,no
2210,COM214,25,6715,4,no
2211,COM214,26,6703,1,3
2212,COM214,26,6706,1,4
2213,COM214,26,6471,1,4
2214,COM214,26,6236,1,4
2215,COM214,26,6708,1,4
2216,COM214,26,6289,1,5
2217,COM214,26,6288,1,3
2218,COM214,26,6716,1,4
2219,COM214,26,6575,1,5
2220,COM214,26,6583,1,3
2221,COM214,26,6717,1,4
2222,COM214,26,6703,2,3
2223,COM214,26,6706,2,4
2224,COM214,26,6471,2,0
2225,COM214,26,6236,2,4.5
2226,COM214,26,6708,2,5
2227,COM214,26,6289,2,5
2228,COM214,26,6288,2,3
2229,COM214,26,6716,2,4
2230,COM214,26,6575,2,5
2231,COM214,26,6583,2,3
2232,COM214,26,6717,2,4
2233,COM214,26,6703,3,3
2234,COM214,26,6706,3,4
2235,COM214,26,6471,3,5
2236,COM214,26,6236,3,5
2237,COM214,26,6708,3,4
2238,COM214,26,6289,3,5
2239,COM214,26,6288,3,4
2240,COM214,26,6716,3,4
2241,COM214,26,6575,3,5
2242,COM214,26,6583,3,3
2243,COM214,26,6717,3,3
